{
  "case1": {
    "rouge1": {
      "r": 0.8333333333333334,
      "p": 0.8333333333333334,
      "f": 0.8333333283333335
    },
    "rouge2": {
      "r": 0.7857142857142857,
      "p": 0.7857142857142857,
      "f": 0.7857142807142857
    },
    "rougeL": {
      "r": 0.8666666666666667,
      "p": 0.8666666666666667,
      "f": 0.8666666616666667
    },
    "bleu": 0.0,
    "avg_score": 0.43333333083333336
  }
}